{
    "results": [
        {
            "name": "PULLELA BHAVANA",
            "university": "JAWAHARLALNEHRUTECHNOLOGICAL UNIVERSITY HYDERABAD",
            "course": "ELECTRICAL & ELECTRONICS ENGINEERING",
            "course table": {
                " S.No.": {
                    "0": NaN,
                    "1": NaN,
                    "2": "3",
                    "3": "4",
                    "4": "5",
                    "5": "6",
                    "6": "7",
                    "7": "8",
                    "8": NaN,
                    "9": "10",
                    "10": "11"
                },
                " SUBJECT CODE": {
                    "0": "51001",
                    "1": "51002",
                    "2": "51008",
                    "3": "51004",
                    "4": "51005",
                    "5": "51006",
                    "6": "51011",
                    "7": "51604",
                    "8": "51605",
                    "9": "51606",
                    "10": "51607"
                },
                " SUBJECT  TITLE": {
                    "0": "ENGLISH",
                    "1": "MATHEMATICS-1",
                    "2": "MATHEMATICAL METHODS",
                    "3": "ENGINEERING PHYSICS",
                    "4": "ENGINEERING CHEMISTRY",
                    "5": "COMPUTER PROGRAMMING & DATA STRUCTURES",
                    "6": "ENGINEERING DRAWING",
                    "7": "COMPUTER PROGRAMMING LAB",
                    "8": "ENGG.PHYSICS & ENGG.CHEMISTRY LAB",
                    "9": "ENGLISH LANGUAGE COMMUNICATION SKILLS LAB",
                    "10": "IT WORKSHOP &ENGINEERING WORKSHOP"
                },
                " Marks Internal": {
                    "0": "20",
                    "1": "16",
                    "2": "14",
                    "3": "17",
                    "4": "18",
                    "5": "19",
                    "6": "25",
                    "7": "22",
                    "8": "21",
                    "9": "23",
                    "10": "23"
                },
                " End Exam": {
                    "0": "53",
                    "1": "26",
                    "2": "47",
                    "3": "34",
                    "4": "39",
                    "5": "29",
                    "6": "30",
                    "7": "43",
                    "8": "44",
                    "9": "47",
                    "10": "47"
                },
                " Total Marks": {
                    "0": "73",
                    "1": "42",
                    "2": "61",
                    "3": "51",
                    "4": "57",
                    "5": "48",
                    "6": "55",
                    "7": "65",
                    "8": "65",
                    "9": "70",
                    "10": "70"
                },
                " Result Credits": {
                    "0": "P",
                    "1": "P",
                    "2": "P",
                    "3": "P",
                    "4": "P",
                    "5": "P",
                    "6": "P",
                    "7": "P",
                    "8": "P",
                    "9": "P",
                    "10": "P"
                }
            },
            "gpas": {}
        },
        {
            "name": "PULLELA BHAVANA",
            "university": "JAWAHARLALNEHRU TECHNOLOGICAL UNIVERSITYHYDERABAD",
            "course": "ELECTRICAL & ELECTRONICS ENGINEERING",
            "course table": {
                " S.No": {
                    "0": NaN,
                    "1": "2",
                    "2": "3",
                    "3": "4",
                    "4": "5",
                    "5": "6",
                    "6": "7",
                    "7": "8"
                },
                " CODE SUBJECT": {
                    "0": "53007",
                    "1": "53008",
                    "2": "53009",
                    "3": "53010",
                    "4": "53011",
                    "5": "53012",
                    "6": "53602",
                    "7": "53603"
                },
                " SUBJECT  TITLE": {
                    "0": "MATHEMATICS-III",
                    "1": "FLUID MECHANICS AND HYDRAULIC MACHINERY",
                    "2": "ELECTRONIC DEVICES & CIRCUITS",
                    "3": "ELECTRICAL CIRCUITS",
                    "4": "ELECTRO MAGNETIC FIELDS",
                    "5": "ELECTRICAL MACHINES-I",
                    "6": "FLUID MECHANICS AND HYDRAULIC MACHINERY LAB",
                    "7": "ELECTRONIC DEVICES & CIRCUITS LAB"
                },
                " Marks Internal": {
                    "0": "17",
                    "1": "15",
                    "2": "21",
                    "3": "18",
                    "4": "21",
                    "5": "19",
                    "6": "22",
                    "7": "24"
                },
                " End Exam": {
                    "0": "48",
                    "1": "42",
                    "2": "39",
                    "3": "40",
                    "4": "35",
                    "5": "46",
                    "6": "49",
                    "7": "48"
                },
                " Total Marks": {
                    "0": "65",
                    "1": "57",
                    "2": "60",
                    "3": "58",
                    "4": "56",
                    "5": "65",
                    "6": "71",
                    "7": "72"
                },
                " Result Credits": {
                    "0": "P",
                    "1": "P",
                    "2": "P",
                    "3": "P",
                    "4": "P",
                    "5": "P",
                    "6": "P",
                    "7": "P"
                }
            },
            "gpas": {}
        },
        {
            "name": "PULLELA BHAVANA",
            "university": "JAWAHARLALNEHRU TECHNOLOGICAL UNIVERSITYHYDERABAD",
            "course": "ELECTRICAL & ELECTRONICS ENGINEERING",
            "course table": {
                " S.No.  SUBJECT CODE": {
                    "0": "54007",
                    "1": "54008",
                    "2": "54009",
                    "3": "54010",
                    "4": "54012",
                    "5": "54062",
                    "6": "54602",
                    "7": "54603"
                },
                " S.No.  SUBJECT": {
                    "0": "MANAGERIAL ECONOMICS & FINANCIAL ANALYSIS",
                    "1": "POWER SYSTEMS-I",
                    "2": "ELECTRONIC CIRCUITS",
                    "3": "SWITCHING THEORY & LOGIC DESIGN",
                    "4": "ELECTRICAL MACHINES-",
                    "5": "NETWORK THEORY",
                    "6": "ELECTRICAL MACHINES LAB-I",
                    "7": "ELECTRIC CIRCUITS AND SIMULATION LAB"
                },
                " S.No.  CTITLE": {
                    "0": "MANAGERIAL ECONOMICS & FINANCIAL ANALYSIS",
                    "1": NaN,
                    "2": NaN,
                    "3": "SWITCHING THEORY & LOGIC DESIGN",
                    "4": NaN,
                    "5": NaN,
                    "6": "ELECTRICAL MACHINES LAB-I",
                    "7": "ELECTRIC CIRCUITS AND SIMULATION LAB"
                },
                " S.No.  Marks Internal": {
                    "0": "21",
                    "1": "21",
                    "2": "21",
                    "3": "20",
                    "4": "23",
                    "5": "17",
                    "6": "22",
                    "7": "20"
                },
                " S.No.  End Exam": {
                    "0": "32",
                    "1": "46",
                    "2": "49",
                    "3": "51",
                    "4": "46",
                    "5": "26",
                    "6": "46",
                    "7": "42"
                },
                " Total Marks": {
                    "0": "53",
                    "1": "67",
                    "2": "70",
                    "3": "71",
                    "4": "69",
                    "5": "43",
                    "6": "68",
                    "7": "62"
                },
                " Result Credits": {
                    "0": "P",
                    "1": "3",
                    "2": "3",
                    "3": "4",
                    "4": "P",
                    "5": "3",
                    "6": "P",
                    "7": "P"
                },
                " SUBJECT  TITLE": {
                    "0": "MANAGERIAL ECONOMICS & FINANCIAL ANALYSIS",
                    "1": "POWER SYSTEMS-I",
                    "2": "ELECTRONIC CIRCUITS",
                    "3": "SWITCHING THEORY & LOGIC DESIGN",
                    "4": "ELECTRICAL MACHINES-",
                    "5": "NETWORK THEORY",
                    "6": "ELECTRICAL MACHINES LAB-I",
                    "7": "ELECTRIC CIRCUITS AND SIMULATION LAB"
                }
            },
            "gpas": {}
        },
        {
            "name": "PULLELA BHAVANA",
            "university": "JAWAHARLALNEHRU TECHNOLOGICAL UNIVERSITY HYDERABAD",
            "course": "ELECTRICAL & ELECTRONICS ENGINEERING",
            "course table": {
                " S.No.": {
                    "0": NaN,
                    "1": NaN,
                    "2": "3",
                    "3": "4",
                    "4": "5",
                    "5": "6",
                    "6": NaN,
                    "7": "8"
                },
                " CODE SUBJECT": {
                    "0": "55009",
                    "1": "55010",
                    "2": "55011",
                    "3": "55012",
                    "4": "55013",
                    "5": "55014",
                    "6": "55602",
                    "7": "55603"
                },
                " SUBJECT  TITLE": {
                    "0": "IC APPLICATIONS",
                    "1": "MANAGEMENT SCIENCE",
                    "2": "POWER SYSTEMS-",
                    "3": "CONTROL SYSTEMS",
                    "4": "POWER ELECTRONICS",
                    "5": "ELECTRICAL MACHINES-III",
                    "6": "ELECTRICAL MACHINES-I (LAB",
                    "7": "CONTROL SYSTEMS AND SIMULATION (LAB)"
                },
                " Marks Internal": {
                    "0": "23",
                    "1": "25",
                    "2": "23",
                    "3": "20",
                    "4": "23",
                    "5": "21",
                    "6": "22",
                    "7": "22"
                },
                " Exam End": {
                    "0": "36",
                    "1": "45",
                    "2": "39",
                    "3": "33",
                    "4": "36",
                    "5": "32",
                    "6": "48",
                    "7": "48"
                },
                " Total Marks": {
                    "0": "59",
                    "1": "70",
                    "2": "62",
                    "3": "53",
                    "4": "59",
                    "5": "53",
                    "6": "70",
                    "7": "70"
                },
                " Result Credits": {
                    "0": "P",
                    "1": "P",
                    "2": "P",
                    "3": "P",
                    "4": "4",
                    "5": "P",
                    "6": "P",
                    "7": "P"
                }
            },
            "gpas": {}
        },
        {
            "name": "Month & Year of Exam",
            "university": "JAWAHARLALNEHRU TECHNOLOGICAL UNIVERSITYHYDERABAD",
            "course": "BranchELECTRICAL&ELECTRONICS ENGINEERING",
            "course table": {
                " S.No  SUBJECT CODE": {
                    "0": "56009",
                    "1": "56010",
                    "2": "56011",
                    "3": "56012",
                    "4": "56013",
                    "5": "56015",
                    "6": "56602",
                    "7": "56603"
                },
                " S.No  SUBJECT": {
                    "0": "ELECTRICAL MEASUREMENTS",
                    "1": "POWERSEMICONDUCTORDRIVES",
                    "2": "COMPUTERMETHODSIN POWER SYSTEMS",
                    "3": "MICROPROCESSORS & MICROCONTROLLERS",
                    "4": "RENEWABLE ENERGY SOURCES",
                    "5": "ENVIRONMENTAL STUDIES",
                    "6": "ADVANCEDENGLISHCOMMUNICATION SKILLS (LAB)",
                    "7": "POWER ELECTRONICS AND SIMULATION (LAB)"
                },
                " S.No  TITLE": {
                    "0": NaN,
                    "1": "POWERSEMICONDUCTORDRIVES",
                    "2": "COMPUTERMETHODSIN POWER SYSTEMS",
                    "3": "MICROPROCESSORS & MICROCONTROLLERS",
                    "4": NaN,
                    "5": NaN,
                    "6": "ADVANCEDENGLISHCOMMUNICATION SKILLS (LAB)",
                    "7": "POWER ELECTRONICS AND SIMULATION (LAB)"
                },
                " S.No  Internal Marks": {
                    "0": "22",
                    "1": "19",
                    "2": "23",
                    "3": "21",
                    "4": "22",
                    "5": "22",
                    "6": "22",
                    "7": "23"
                },
                " S.No  End Exam": {
                    "0": "26",
                    "1": "37",
                    "2": "36",
                    "3": "45",
                    "4": "40",
                    "5": "35",
                    "6": "46",
                    "7": "44"
                },
                " Total Marks": {
                    "0": "48",
                    "1": "56",
                    "2": "59",
                    "3": "66",
                    "4": "62",
                    "5": "57",
                    "6": "68",
                    "7": "67"
                },
                " Result Credits": {
                    "0": "P",
                    "1": "4",
                    "2": "4",
                    "3": "4",
                    "4": "3",
                    "5": "3",
                    "6": "P",
                    "7": "P"
                },
                " SUBJECT  TITLE": {
                    "0": "ELECTRICAL MEASUREMENTS",
                    "1": "POWERSEMICONDUCTORDRIVES",
                    "2": "COMPUTERMETHODSIN POWER SYSTEMS",
                    "3": "MICROPROCESSORS & MICROCONTROLLERS",
                    "4": "RENEWABLE ENERGY SOURCES",
                    "5": "ENVIRONMENTAL STUDIES",
                    "6": "ADVANCEDENGLISHCOMMUNICATION SKILLS (LAB)",
                    "7": "POWER ELECTRONICS AND SIMULATION (LAB)"
                }
            },
            "gpas": {}
        },
        {
            "name": "PULLELA BHAVANA",
            "university": "JAWAHARLALNEHRU TECHNOLOGICAL UNIVERSITY HYDERABAD",
            "course": "ELECTRICAL &ELECTRONICS ENGINEERING",
            "course table": {
                " S.No.": {
                    "0": NaN,
                    "1": "2",
                    "2": "3",
                    "3": NaN,
                    "4": NaN,
                    "5": NaN,
                    "6": "7",
                    "7": NaN
                },
                " SUBJECT CODE": {
                    "0": "57012",
                    "1": "57013",
                    "2": "57014",
                    "3": "57015",
                    "4": "57016",
                    "5": "57020",
                    "6": "57603",
                    "7": "57604"
                },
                " SUBJECT  TITLE": {
                    "0": "SWITCHGEARANDPROTECTION",
                    "1": "UTILIZATION OF ELECTRICAL ENERGY",
                    "2": "INSTRUMENTATION",
                    "3": "POWERSYSTEM OPERATION AND CONTROL",
                    "4": "HIGH VOLTAGEENGINEERING",
                    "5": "ELECTRICAL DISTRIBUTION SYSTEMS",
                    "6": "MICROPROCESSORS AND MICROCONTROLLERS LAB",
                    "7": "ELECTRICAL MEASUREMENTS LAB"
                },
                " Marks Internal": {
                    "0": "20",
                    "1": "20",
                    "2": "23",
                    "3": "22",
                    "4": "19",
                    "5": "21",
                    "6": "21",
                    "7": "22"
                },
                " End Exam": {
                    "0": "41",
                    "1": "55",
                    "2": "41",
                    "3": "27",
                    "4": "52",
                    "5": "26",
                    "6": "49",
                    "7": "48"
                },
                " Total Marks": {
                    "0": "61",
                    "1": "75",
                    "2": "64",
                    "3": "49",
                    "4": "71",
                    "5": "47",
                    "6": "70",
                    "7": "70"
                },
                " Result Credits": {
                    "0": "P",
                    "1": "P",
                    "2": "P",
                    "3": "P",
                    "4": "P",
                    "5": "P",
                    "6": "P",
                    "7": "P"
                }
            },
            "gpas": {}
        },
        {
            "name": "PULLELA BHAVANA",
            "university": "JAWAHARLALNEHRU TECHNOLOGICAL UNIVERSITY HYDERABAD",
            "course": " ELECTRICAL&ELECTRONICS ENGINEERING",
            "course table": {
                " S.No  TITLE": {
                    "0": NaN,
                    "1": NaN,
                    "2": "3",
                    "3": "INDUSTRYORIENTEDMINIPROJECT",
                    "4": "5",
                    "5": "6",
                    "6": "7"
                },
                " SUBJECT CODE": {
                    "0": "58008",
                    "1": "58010",
                    "2": "58013",
                    "3": "58605",
                    "4": "58606",
                    "5": "58607",
                    "6": "58608"
                },
                " SUBJECT  TITLE": {
                    "0": "HVDC TRANSMISSION",
                    "1": "LINEAR SYSTEMS ANALYSIS",
                    "2": "EHV AC TRANSMISSION",
                    "3": "INDUSTRYORIENTEDMINIPROJECT",
                    "4": "SEMINAR",
                    "5": "MAJOR PROJECT",
                    "6": "COMPREHENSIVE VIVA"
                },
                " TITLE  Internal Marks": {
                    "0": "21",
                    "1": "23",
                    "2": "23",
                    "3": "INDUSTRYORIENTEDMINIPROJECT",
                    "4": "48",
                    "5": "48",
                    "6": NaN
                },
                " End Exam": {
                    "0": "60",
                    "1": "43",
                    "2": "33",
                    "3": "48",
                    "4": NaN,
                    "5": "148",
                    "6": "95"
                },
                " Total Marks": {
                    "0": "81",
                    "1": "66",
                    "2": "56",
                    "3": "48",
                    "4": "48",
                    "5": "196",
                    "6": "95"
                },
                " Result Credits": {
                    "0": "3",
                    "1": "P",
                    "2": "P",
                    "3": "P",
                    "4": "P",
                    "5": "P",
                    "6": "P"
                }
            },
            "gpas": {}
        }
    ]
}