{
    "results": [
        {
            "Subject_Name": "Engineering Mathematics-I",
            "Obtained_Marks": 65,
            "Credit": 3,
            "Stu_ID": "XXXXXX",
            "Full_Marks": 100,
            "Subject_Letter_Grade": "B+",
            "CGPA": null,
            "Marks_or_Grade": null,
            "Number_of_Fails": 0
        },
        {
            "Subject_Name": "Communicative English -I",
            "Obtained_Marks": 55,
            "Credit": 4,
            "Stu_ID": "XXXXXX",
            "Full_Marks": 100,
            "Subject_Letter_Grade": "B",
            "CGPA": null,
            "Marks_or_Grade": null,
            "Number_of_Fails": 0
        },
        {
            "Subject_Name": "Engineering Physics",
            "Obtained_Marks": 55,
            "Credit": 3,
            "Stu_ID": "XXXXXX",
            "Full_Marks": 100,
            "Subject_Letter_Grade": "B",
            "CGPA": null,
            "Marks_or_Grade": null,
            "Number_of_Fails": 0
        },
        {
            "Subject_Name": "Engineering Chemistry",
            "Obtained_Marks": 75,
            "Credit": 3,
            "Stu_ID": "XXXXXX",
            "Full_Marks": 100,
            "Subject_Letter_Grade": "A",
            "CGPA": null,
            "Marks_or_Grade": null,
            "Number_of_Fails": 0
        },
        {
            "Subject_Name": "Programming with C",
            "Obtained_Marks": 55,
            "Credit": 3,
            "Stu_ID": "XXXXXX",
            "Full_Marks": 100,
            "Subject_Letter_Grade": "B",
            "CGPA": null,
            "Marks_or_Grade": null,
            "Number_of_Fails": 0
        },
        {
            "Subject_Name": "Basic Electronics Engineering",
            "Obtained_Marks": 45,
            "Credit": 3,
            "Stu_ID": "XXXXXX",
            "Full_Marks": 100,
            "Subject_Letter_Grade": "C",
            "CGPA": null,
            "Marks_or_Grade": null,
            "Number_of_Fails": 0
        },
        {
            "Subject_Name": "Programming with C Lab",
            "Obtained_Marks": 65,
            "Credit": 2,
            "Stu_ID": "XXXXXX",
            "Full_Marks": 100,
            "Subject_Letter_Grade": "B+",
            "CGPA": null,
            "Marks_or_Grade": null,
            "Number_of_Fails": 0
        },
        {
            "Subject_Name": "Engineering Graphics",
            "Obtained_Marks": 65,
            "Credit": 3,
            "Stu_ID": "XXXXXX",
            "Full_Marks": 100,
            "Subject_Letter_Grade": "B+",
            "CGPA": null,
            "Marks_or_Grade": null,
            "Number_of_Fails": 0
        },
        {
            "Subject_Name": "Engineering Chemistry Lab",
            "Obtained_Marks": 85,
            "Credit": 2,
            "Stu_ID": "XXXXXX",
            "Full_Marks": 100,
            "Subject_Letter_Grade": "A+",
            "CGPA": null,
            "Marks_or_Grade": null,
            "Number_of_Fails": 0
        },
        {
            "Subject_Name": "Engineering Mathematics-II",
            "Obtained_Marks": 55,
            "Credit": 3,
            "Stu_ID": "XXXXXX",
            "Full_Marks": 100,
            "Subject_Letter_Grade": "B",
            "CGPA": null,
            "Marks_or_Grade": null,
            "Number_of_Fails": 0
        },
        {
            "Subject_Name": "Communicative English-II",
            "Obtained_Marks": 55,
            "Credit": 3,
            "Stu_ID": "XXXXXX",
            "Full_Marks": 100,
            "Subject_Letter_Grade": "B",
            "CGPA": null,
            "Marks_or_Grade": null,
            "Number_of_Fails": 0
        },
        {
            "Subject_Name": "Physics of Nanomaterials",
            "Obtained_Marks": 75,
            "Credit": 3,
            "Stu_ID": "XXXXXX",
            "Full_Marks": 100,
            "Subject_Letter_Grade": "A",
            "CGPA": null,
            "Marks_or_Grade": null,
            "Number_of_Fails": 0
        },
        {
            "Subject_Name": "Data Structures with C",
            "Obtained_Marks": 45,
            "Credit": 4,
            "Stu_ID": "XXXXXX",
            "Full_Marks": 100,
            "Subject_Letter_Grade": "C",
            "CGPA": null,
            "Marks_or_Grade": null,
            "Number_of_Fails": 0
        },
        {
            "Subject_Name": "Fundamentals of Digital Logic Circuits",
            "Obtained_Marks": 65,
            "Credit": 4,
            "Stu_ID": "XXXXXX",
            "Full_Marks": 100,
            "Subject_Letter_Grade": "B+",
            "CGPA": null,
            "Marks_or_Grade": null,
            "Number_of_Fails": 0
        },
        {
            "Subject_Name": "Workshop",
            "Obtained_Marks": 85,
            "Credit": 2,
            "Stu_ID": "XXXXXX",
            "Full_Marks": 100,
            "Subject_Letter_Grade": "A+",
            "CGPA": null,
            "Marks_or_Grade": null,
            "Number_of_Fails": 0
        },
        {
            "Subject_Name": "Data Structures with C Lab",
            "Obtained_Marks": 65,
            "Credit": 2,
            "Stu_ID": "XXXXXX",
            "Full_Marks": 100,
            "Subject_Letter_Grade": "B+",
            "CGPA": null,
            "Marks_or_Grade": null,
            "Number_of_Fails": 0
        },
        {
            "Subject_Name": "Digital Circuits Lab",
            "Obtained_Marks": 75,
            "Credit": 2,
            "Stu_ID": "XXXXXX",
            "Full_Marks": 100,
            "Subject_Letter_Grade": "A",
            "CGPA": null,
            "Marks_or_Grade": null,
            "Number_of_Fails": 0
        },
        {
            "Subject_Name": "Engineering Physics Lab",
            "Obtained_Marks": 75,
            "Credit": 2,
            "Stu_ID": "XXXXXX",
            "Full_Marks": 100,
            "Subject_Letter_Grade": "A",
            "CGPA": null,
            "Marks_or_Grade": null,
            "Number_of_Fails": 0
        },
        {
            "Subject_Name": "Probability and Statistics",
            "Obtained_Marks": 55,
            "Credit": 3,
            "Stu_ID": "XXXXXX",
            "Full_Marks": 100,
            "Subject_Letter_Grade": "B",
            "CGPA": null,
            "Marks_or_Grade": null,
            "Number_of_Fails": 0
        },
        {
            "Subject_Name": "Object Oriented Programming with C++",
            "Obtained_Marks": 65,
            "Credit": 3,
            "Stu_ID": "XXXXXX",
            "Full_Marks": 100,
            "Subject_Letter_Grade": "B+",
            "CGPA": null,
            "Marks_or_Grade": null,
            "Number_of_Fails": 0
        },
        {
            "Subject_Name": "Computer Organization and Architecture",
            "Obtained_Marks": 65,
            "Credit": 4,
            "Stu_ID": "XXXXXX",
            "Full_Marks": 100,
            "Subject_Letter_Grade": "B+",
            "CGPA": null,
            "Marks_or_Grade": null,
            "Number_of_Fails": 0
        },
        {
            "Subject_Name": "Data Communications",
            "Obtained_Marks": 55,
            "Credit": 4,
            "Stu_ID": "XXXXXX",
            "Full_Marks": 100,
            "Subject_Letter_Grade": "B",
            "CGPA": null,
            "Marks_or_Grade": null,
            "Number_of_Fails": 0
        },
        {
            "Subject_Name": "Programming Language Pragmatics",
            "Obtained_Marks": 45,
            "Credit": 3,
            "Stu_ID": "XXXXXX",
            "Full_Marks": 100,
            "Subject_Letter_Grade": "C",
            "CGPA": null,
            "Marks_or_Grade": null,
            "Number_of_Fails": 0
        },
        {
            "Subject_Name": "C++Lab",
            "Obtained_Marks": 85,
            "Credit": 2,
            "Stu_ID": "XXXXXX",
            "Full_Marks": 100,
            "Subject_Letter_Grade": "A+",
            "CGPA": null,
            "Marks_or_Grade": null,
            "Number_of_Fails": 0
        },
        {
            "Subject_Name": "UNIX Programming Lab",
            "Obtained_Marks": 75,
            "Credit": 2,
            "Stu_ID": "XXXXXX",
            "Full_Marks": 100,
            "Subject_Letter_Grade": "A",
            "CGPA": null,
            "Marks_or_Grade": null,
            "Number_of_Fails": 0
        },
        {
            "Subject_Name": "Computer Engineering Workshop",
            "Obtained_Marks": 75,
            "Credit": 2,
            "Stu_ID": "XXXXXX",
            "Full_Marks": 100,
            "Subject_Letter_Grade": "A",
            "CGPA": null,
            "Marks_or_Grade": null,
            "Number_of_Fails": 0
        },
        {
            "Subject_Name": "Discrete Mathematical Structures",
            "Obtained_Marks": 85,
            "Credit": 3,
            "Stu_ID": "XXXXXX",
            "Full_Marks": 100,
            "Subject_Letter_Grade": "A+",
            "CGPA": null,
            "Marks_or_Grade": null,
            "Number_of_Fails": 0
        },
        {
            "Subject_Name": "Environment and Ecology",
            "Obtained_Marks": 75,
            "Credit": 3,
            "Stu_ID": "XXXXXX",
            "Full_Marks": 100,
            "Subject_Letter_Grade": "A",
            "CGPA": null,
            "Marks_or_Grade": null,
            "Number_of_Fails": 0
        },
        {
            "Subject_Name": "Environmental Studies",
            "Obtained_Marks": 75,
            "Credit": 3,
            "Stu_ID": "XXXXXX",
            "Full_Marks": 100,
            "Subject_Letter_Grade": "A",
            "CGPA": null,
            "Marks_or_Grade": null,
            "Number_of_Fails": 0
        },
        {
            "Subject_Name": "Programming with JAVA",
            "Obtained_Marks": 55,
            "Credit": 3,
            "Stu_ID": "XXXXXX",
            "Full_Marks": 100,
            "Subject_Letter_Grade": "B",
            "CGPA": null,
            "Marks_or_Grade": null,
            "Number_of_Fails": 0
        },
        {
            "Subject_Name": "Operating Systems",
            "Obtained_Marks": 75,
            "Credit": 3,
            "Stu_ID": "XXXXXX",
            "Full_Marks": 100,
            "Subject_Letter_Grade": "A",
            "CGPA": null,
            "Marks_or_Grade": null,
            "Number_of_Fails": 0
        },
        {
            "Subject_Name": "Computer Networks",
            "Obtained_Marks": 65,
            "Credit": 4,
            "Stu_ID": "XXXXXX",
            "Full_Marks": 100,
            "Subject_Letter_Grade": "B+",
            "CGPA": null,
            "Marks_or_Grade": null,
            "Number_of_Fails": 0
        },
        {
            "Subject_Name": "Programming with JAVA Lab",
            "Obtained_Marks": 95,
            "Credit": 2,
            "Stu_ID": "XXXXXX",
            "Full_Marks": 100,
            "Subject_Letter_Grade": "O",
            "CGPA": null,
            "Marks_or_Grade": null,
            "Number_of_Fails": 0
        },
        {
            "Subject_Name": "Operating Systems Lab",
            "Obtained_Marks": 75,
            "Credit": 2,
            "Stu_ID": "XXXXXX",
            "Full_Marks": 100,
            "Subject_Letter_Grade": "A",
            "CGPA": null,
            "Marks_or_Grade": null,
            "Number_of_Fails": 0
        },
        {
            "Subject_Name": "Science and Technology",
            "Obtained_Marks": 75,
            "Credit": 3,
            "Stu_ID": "XXXXXX",
            "Full_Marks": 100,
            "Subject_Letter_Grade": "A",
            "CGPA": null,
            "Marks_or_Grade": null,
            "Number_of_Fails": 0
        },
        {
            "Subject_Name": "Engineering Economics and Management",
            "Obtained_Marks": 65,
            "Credit": 3,
            "Stu_ID": "XXXXXX",
            "Full_Marks": 100,
            "Subject_Letter_Grade": "B+",
            "CGPA": null,
            "Marks_or_Grade": null,
            "Number_of_Fails": 0
        },
        {
            "Subject_Name": "Database Management Systems",
            "Obtained_Marks": 85,
            "Credit": 4,
            "Stu_ID": "XXXXXX",
            "Full_Marks": 100,
            "Subject_Letter_Grade": "A+",
            "CGPA": null,
            "Marks_or_Grade": null,
            "Number_of_Fails": 0
        },
        {
            "Subject_Name": "Software Engineering",
            "Obtained_Marks": 65,
            "Credit": 3,
            "Stu_ID": "XXXXXX",
            "Full_Marks": 100,
            "Subject_Letter_Grade": "B+",
            "CGPA": null,
            "Marks_or_Grade": null,
            "Number_of_Fails": 0
        },
        {
            "Subject_Name": "Design and Analysis of Algorithms",
            "Obtained_Marks": 65,
            "Credit": 3,
            "Stu_ID": "XXXXXX",
            "Full_Marks": 100,
            "Subject_Letter_Grade": "B+",
            "CGPA": null,
            "Marks_or_Grade": null,
            "Number_of_Fails": 0
        },
        {
            "Subject_Name": "Formal Languages and Automata Theory",
            "Obtained_Marks": 55,
            "Credit": 4,
            "Stu_ID": "XXXXXX",
            "Full_Marks": 100,
            "Subject_Letter_Grade": "B",
            "CGPA": null,
            "Marks_or_Grade": null,
            "Number_of_Fails": 0
        },
        {
            "Subject_Name": "Database Management Systems Laboratory",
            "Obtained_Marks": 55,
            "Credit": 2,
            "Stu_ID": "XXXXXX",
            "Full_Marks": 100,
            "Subject_Letter_Grade": "B",
            "CGPA": null,
            "Marks_or_Grade": null,
            "Number_of_Fails": 0
        },
        {
            "Subject_Name": "Unified Modeling Language Laboratory",
            "Obtained_Marks": 95,
            "Credit": 2,
            "Stu_ID": "XXXXXX",
            "Full_Marks": 100,
            "Subject_Letter_Grade": "O",
            "CGPA": null,
            "Marks_or_Grade": null,
            "Number_of_Fails": 0
        },
        {
            "Subject_Name": "Name of the Course",
            "Obtained_Marks": 65,
            "Credit": 3,
            "Stu_ID": "XXXXXX",
            "Full_Marks": 100,
            "Subject_Letter_Grade": "B+",
            "CGPA": null,
            "Marks_or_Grade": null,
            "Number_of_Fails": 0
        },
        {
            "Subject_Name": "Mobile Computing",
            "Obtained_Marks": 75,
            "Credit": 3,
            "Stu_ID": "XXXXXX",
            "Full_Marks": 100,
            "Subject_Letter_Grade": "A",
            "CGPA": null,
            "Marks_or_Grade": null,
            "Number_of_Fails": 0
        },
        {
            "Subject_Name": "Organizational Behaviour",
            "Obtained_Marks": 75,
            "Credit": 3,
            "Stu_ID": "XXXXXX",
            "Full_Marks": 100,
            "Subject_Letter_Grade": "A",
            "CGPA": null,
            "Marks_or_Grade": null,
            "Number_of_Fails": 0
        },
        {
            "Subject_Name": "Web Technologies",
            "Obtained_Marks": 55,
            "Credit": 3,
            "Stu_ID": "XXXXXX",
            "Full_Marks": 100,
            "Subject_Letter_Grade": "B",
            "CGPA": null,
            "Marks_or_Grade": null,
            "Number_of_Fails": 0
        },
        {
            "Subject_Name": "Artificial Intelligence",
            "Obtained_Marks": 55,
            "Credit": 4,
            "Stu_ID": "XXXXXX",
            "Full_Marks": 100,
            "Subject_Letter_Grade": "B",
            "CGPA": null,
            "Marks_or_Grade": null,
            "Number_of_Fails": 0
        },
        {
            "Subject_Name": "Compiler Design",
            "Obtained_Marks": 65,
            "Credit": 3,
            "Stu_ID": "XXXXXX",
            "Full_Marks": 100,
            "Subject_Letter_Grade": "B+",
            "CGPA": null,
            "Marks_or_Grade": null,
            "Number_of_Fails": 0
        },
        {
            "Subject_Name": "Web Technologies Laboratory",
            "Obtained_Marks": 75,
            "Credit": 2,
            "Stu_ID": "XXXXXX",
            "Full_Marks": 100,
            "Subject_Letter_Grade": "A",
            "CGPA": null,
            "Marks_or_Grade": null,
            "Number_of_Fails": 0
        },
        {
            "Subject_Name": "Compiler Design Laboratory",
            "Obtained_Marks": 75,
            "Credit": 2,
            "Stu_ID": "XXXXXX",
            "Full_Marks": 100,
            "Subject_Letter_Grade": "A",
            "CGPA": null,
            "Marks_or_Grade": null,
            "Number_of_Fails": 0
        },
        {
            "Subject_Name": "Seminar",
            "Obtained_Marks": 85,
            "Credit": 1,
            "Stu_ID": "XXXXXX",
            "Full_Marks": 100,
            "Subject_Letter_Grade": "A+",
            "CGPA": null,
            "Marks_or_Grade": null,
            "Number_of_Fails": 0
        },
        {
            "Subject_Name": "Cloud Computing",
            "Obtained_Marks": 55,
            "Credit": 3,
            "Stu_ID": "XXXXXX",
            "Full_Marks": 100,
            "Subject_Letter_Grade": "B",
            "CGPA": null,
            "Marks_or_Grade": null,
            "Number_of_Fails": 0
        },
        {
            "Subject_Name": "Open Source Software Development",
            "Obtained_Marks": 65,
            "Credit": 3,
            "Stu_ID": "XXXXXX",
            "Full_Marks": 100,
            "Subject_Letter_Grade": "B+",
            "CGPA": null,
            "Marks_or_Grade": null,
            "Number_of_Fails": 0
        },
        {
            "Subject_Name": "Entrepreneurship Development",
            "Obtained_Marks": 85,
            "Credit": 3,
            "Stu_ID": "XXXXXX",
            "Full_Marks": 100,
            "Subject_Letter_Grade": "A+",
            "CGPA": null,
            "Marks_or_Grade": null,
            "Number_of_Fails": 0
        },
        {
            "Subject_Name": "Machine Learaing",
            "Obtained_Marks": 55,
            "Credit": 4,
            "Stu_ID": "XXXXXX",
            "Full_Marks": 100,
            "Subject_Letter_Grade": "B",
            "CGPA": null,
            "Marks_or_Grade": null,
            "Number_of_Fails": 0
        },
        {
            "Subject_Name": "Cryptography and Network Security",
            "Obtained_Marks": 55,
            "Credit": 4,
            "Stu_ID": "XXXXXX",
            "Full_Marks": 100,
            "Subject_Letter_Grade": "B",
            "CGPA": null,
            "Marks_or_Grade": null,
            "Number_of_Fails": 0
        },
        {
            "Subject_Name": "Professional Ethics and Human Values",
            "Obtained_Marks": 75,
            "Credit": 1,
            "Stu_ID": "XXXXXX",
            "Full_Marks": 100,
            "Subject_Letter_Grade": "A",
            "CGPA": null,
            "Marks_or_Grade": null,
            "Number_of_Fails": 0
        },
        {
            "Subject_Name": "Integrated Development Environment",
            "Obtained_Marks": 75,
            "Credit": 3,
            "Stu_ID": "XXXXXX",
            "Full_Marks": 100,
            "Subject_Letter_Grade": "A",
            "CGPA": null,
            "Marks_or_Grade": null,
            "Number_of_Fails": 0
        },
        {
            "Subject_Name": "Mini Project",
            "Obtained_Marks": 85,
            "Credit": 2,
            "Stu_ID": "XXXXXX",
            "Full_Marks": 100,
            "Subject_Letter_Grade": "A+",
            "CGPA": null,
            "Marks_or_Grade": null,
            "Number_of_Fails": 0
        },
        {
            "Subject_Name": "Summer Internship",
            "Obtained_Marks": 85,
            "Credit": 2,
            "Stu_ID": "XXXXXX",
            "Full_Marks": 100,
            "Subject_Letter_Grade": "A+",
            "CGPA": null,
            "Marks_or_Grade": null,
            "Number_of_Fails": 0
        },
        {
            "Subject_Name": "Service Oriented Architecture",
            "Obtained_Marks": 75,
            "Credit": 3,
            "Stu_ID": "XXXXXX",
            "Full_Marks": 100,
            "Subject_Letter_Grade": "A",
            "CGPA": null,
            "Marks_or_Grade": null,
            "Number_of_Fails": 0
        },
        {
            "Subject_Name": "E-Commerce",
            "Obtained_Marks": 85,
            "Credit": 3,
            "Stu_ID": "XXXXXX",
            "Full_Marks": 100,
            "Subject_Letter_Grade": "A+",
            "CGPA": null,
            "Marks_or_Grade": null,
            "Number_of_Fails": 0
        },
        {
            "Subject_Name": "Operations and Supply Chain Management",
            "Obtained_Marks": 85,
            "Credit": 3,
            "Stu_ID": "XXXXXX",
            "Full_Marks": 100,
            "Subject_Letter_Grade": "A+",
            "CGPA": null,
            "Marks_or_Grade": null,
            "Number_of_Fails": 0
        },
        {
            "Subject_Name": "Comprehensive Viva",
            "Obtained_Marks": 75,
            "Credit": 2,
            "Stu_ID": "XXXXXX",
            "Full_Marks": 100,
            "Subject_Letter_Grade": "A",
            "CGPA": null,
            "Marks_or_Grade": null,
            "Number_of_Fails": 0
        },
        {
            "Subject_Name": "Project Work",
            "Obtained_Marks": 85,
            "Credit": 8,
            "Stu_ID": "XXXXXX",
            "Full_Marks": 100,
            "Subject_Letter_Grade": "A+",
            "CGPA": null,
            "Marks_or_Grade": null,
            "Number_of_Fails": 0
        }
    ]
}