{
    "results": [
        {
            "name": "Bodduluri Naga Yashwanth",
            "university": "Gandhi Institute of Technology and Management",
            "course": "Computer Science & Engineering",
            "course table": {
                "S.No.": [
                    1,
                    2,
                    3,
                    4,
                    5,
                    6,
                    7,
                    8,
                    9,
                    10,
                    11,
                    12,
                    13,
                    14,
                    15,
                    16,
                    17,
                    18,
                    19,
                    20,
                    21,
                    22,
                    23,
                    24,
                    25,
                    26,
                    27,
                    28,
                    29,
                    30,
                    31,
                    32,
                    33,
                    34,
                    35,
                    36,
                    37,
                    38,
                    39,
                    40,
                    41,
                    42,
                    43,
                    44,
                    45,
                    46,
                    47,
                    48,
                    49,
                    50,
                    51,
                    52,
                    53,
                    54,
                    55,
                    56,
                    57,
                    58,
                    59,
                    60,
                    61,
                    62,
                    63,
                    64,
                    65
                ],
                "SUBJECT CODE": [
                    "EMA101",
                    "EHS101",
                    "EPH101",
                    "ECY101",
                    "EID101",
                    "EEC101",
                    "EID121",
                    "EME123",
                    "ECY121",
                    "EMA102",
                    "EHS102",
                    "EPH106",
                    "EID102",
                    "EID104",
                    "EME121",
                    "EID122",
                    "EID124",
                    "EPH121",
                    "EMA203",
                    "EID201",
                    "EID203",
                    "EID205",
                    "ECS201",
                    "EID221",
                    "EID223",
                    "ECS221",
                    "EMA208",
                    "EOE218",
                    "EHS201",
                    "EID202",
                    "EID204",
                    "EID206",
                    "EID222",
                    "EID224",
                    "EOE311",
                    "EHS301",
                    "EID301",
                    "EID303",
                    "EID305",
                    "ECS301",
                    "EID321",
                    "ECS321",
                    "EID356",
                    "EID362",
                    "EHS302",
                    "EID302",
                    "ECS302",
                    "ECS304",
                    "EID322",
                    "ECS324",
                    "ECS392",
                    "EID445",
                    "EID451",
                    "EHS405",
                    "EID403",
                    "ECS401",
                    "EHS407",
                    "EID401",
                    "ECS491",
                    "ECS493",
                    "EID364",
                    "EID444",
                    "EHS402",
                    "ECS492",
                    "ECS494"
                ],
                "SUBJECT TITLE": [
                    "Engineering Mathematics-I",
                    "Communicative English -I",
                    "Engineering Physics",
                    "Engineering Chemistry",
                    "Programming with C",
                    "Basic Electronics Engineering",
                    "Programming with C Lab",
                    "Engineering Graphics",
                    "Engineering Chemistry Lab",
                    "Engineering Mathematics-II",
                    "Communicative English-II",
                    "Physics of Nanomaterials",
                    "Data Structures with C",
                    "Fundamentals of Digital Logic Circuits",
                    "Workshop",
                    "Data Structures with C Lab",
                    "Digital Circuits Lab",
                    "Engineering Physics Lab",
                    "Probability and Statistics",
                    "Object Oriented Programming with C++",
                    "Computer Organization and Architecture",
                    "Data Communications",
                    "Programming Language Pragmatics",
                    "C++ Lab",
                    "UNIX Programming Lab",
                    "Computer Engineering Workshop",
                    "Discrete Mathematical Structures",
                    "Environment and Ecology",
                    "Environmental Studies",
                    "Programming with JAVA",
                    "Operating Systems",
                    "Computer Networks",
                    "Programming with JAVA Lab",
                    "Operating Systems Lab",
                    "Science and Technology",
                    "Engineering Economics and Management",
                    "Database Management Systems",
                    "Software Engineering",
                    "Design and Analysis of Algorithms",
                    "Formal Languages and Automata Theory",
                    "Database Management Systems Laboratory",
                    "Unified Modeling Language Laboratory",
                    "Name of the Course",
                    "Mobile Computing",
                    "Organizational Behaviour",
                    "Web Technologies",
                    "Artificial Intelligence",
                    "Compiler Design",
                    "Web Technologies Laboratory",
                    "Compiler Design Laboratory",
                    "Seminar",
                    "Cloud Computing",
                    "Open Source Software Development",
                    "Entrepreneurship Development",
                    "Machine Learning",
                    "Cryptography and Network Security",
                    "Professional Ethics and Human Values",
                    "Integrated Development Environment",
                    "Mini Project",
                    "Summer Internship",
                    "Service Oriented Architecture",
                    "E-Commerce",
                    "Operations and Supply Chain Management",
                    "Comprehensive Viva",
                    "Project Work"
                ],
                "CREDITS": [
                    3,
                    4,
                    3,
                    3,
                    3,
                    3,
                    2,
                    3,
                    2,
                    3,
                    3,
                    3,
                    4,
                    4,
                    2,
                    2,
                    2,
                    2,
                    3,
                    3,
                    4,
                    4,
                    3,
                    2,
                    2,
                    2,
                    3,
                    3,
                    3,
                    3,
                    3,
                    4,
                    2,
                    2,
                    3,
                    3,
                    4,
                    3,
                    3,
                    4,
                    2,
                    2,
                    3,
                    3,
                    3,
                    3,
                    4,
                    3,
                    2,
                    2,
                    1,
                    3,
                    3,
                    3,
                    4,
                    4,
                    1,
                    3,
                    2,
                    2,
                    3,
                    3,
                    3,
                    2,
                    8
                ],
                "GRADE": [
                    "B+",
                    "B",
                    "B",
                    "A",
                    "B",
                    "C",
                    "B+",
                    "B+",
                    "A+",
                    "B",
                    "B",
                    "A",
                    "C",
                    "B+",
                    "A+",
                    "B+",
                    "A",
                    "A",
                    "B",
                    "B+",
                    "B+",
                    "B",
                    "C",
                    "A+",
                    "A",
                    "A",
                    "A+",
                    "A",
                    "A",
                    "B",
                    "A",
                    "B+",
                    "O",
                    "A",
                    "A",
                    "B+",
                    "A+",
                    "B+",
                    "B+",
                    "B",
                    "B",
                    "O",
                    "B+",
                    "A",
                    "A",
                    "B",
                    "B",
                    "B+",
                    "A",
                    "A",
                    "A+",
                    "B",
                    "B+",
                    "A+",
                    "B",
                    "B",
                    "A",
                    "A",
                    "A+",
                    "A+",
                    "A",
                    "A+",
                    "A+",
                    "A",
                    "A+",
                    "A+"
                ]
            },
            "gpas": {}
        }
    ]
}